"–ö–∞–∂–¥—ã–π —Ä–∞–∑, –∫–æ–≥–¥–∞ —è –¥—É–º–∞—é –æ —Ç–æ–º, –∫–∞–∫ –±–ª–∏–∑–∫–æ –º—ã –±—ã–ª–∏ –∫ [–ò–ú–Ø], –º–Ω–µ —Å—Ç–∞–Ω–æ–≤–∏—Ç—Å—è –µ—â–µ –±–æ–ª—å–Ω–µ–µ...",–≥—Ä—É—Å—Ç—å
"–Ø —Å–∫—É—á–∞—é –ø–æ —Ç–æ–º—É –≤—Ä–µ–º–µ–Ω–∏, –∫–æ–≥–¥–∞ –±—ã–ª–∞ –º–∞–ª–µ–Ω—å–∫–æ–π üò≠üò≠üò≠",–≥—Ä—É—Å—Ç—å
"–í–∞—É, —Ç–µ–ø–µ—Ä—å –º–Ω–µ –≥—Ä—É—Å—Ç–Ω–æ",–≥—Ä—É—Å—Ç—å
–Ø —Ç–æ–∂–µ –≤ —Ç–µ–±–µ —Ä–∞–∑–æ—á–∞—Ä–æ–≤–∞–Ω.,–≥—Ä—É—Å—Ç—å
"–ß–µ—Ä—Ç, —É —ç—Ç–æ–≥–æ –ø–∞—Ä–Ω—è —Ç–æ–ª—å–∫–æ —á—Ç–æ –±—ã–ª –ø–ª–æ—Ö–æ–π –¥–µ–Ω—å!",–≥—Ä—É—Å—Ç—å
"–Ø –≤—ã–∑–≤–∞–ª —Å–∫–æ—Ä—É—é –ø–æ–º–æ—â—å —Å–≤–æ–µ–π –ø–æ–¥—Ä—É–≥–µ, –Ω–µ –∑–Ω–∞—è, —á—Ç–æ —ç—Ç–æ –ø—Ä–æ—Ç–∏–≤–æ—Ä–µ—á–∏—Ç –µ–µ –∂–µ–ª–∞–Ω–∏—é. –û–Ω–∞ –Ω–∏–∫–æ–≥–¥–∞ –Ω–µ –≤–∏–Ω–∏–ª–∞ –º–µ–Ω—è, –Ω–æ –º–Ω–µ –±—ã–ª–æ –æ—á–µ–Ω—å –ø–ª–æ—Ö–æ –∏–∑-–∑–∞ —ç—Ç–æ–≥–æ.",–≥—Ä—É—Å—Ç—å
–ë–µ–¥–Ω—ã–π –¥–≤–æ—Ä–Ω–∏–∫.,–≥—Ä—É—Å—Ç—å
"–ü–µ—á–∞–ª—å–Ω–æ, —á—Ç–æ –Ω–µ–∫–æ—Ç–æ—Ä—ã–µ —Ä–æ–¥–∏—Ç–µ–ª–∏ –Ω–µ –º–æ–≥—É—Ç –ø—Ä–∏–Ω—è—Ç—å –Ω–µ–∫–æ—Ç–æ—Ä—ã–µ –ø—Ä–æ—Å—Ç—ã–µ –æ—à–∏–±–∫–∏.",–≥—Ä—É—Å—Ç—å
–î–µ—Ç–∏ –±–æ–ª—å—à–µ –Ω–µ –º–æ–≥—É—Ç –≤–µ—Å–µ–ª–∏—Ç—å—Å—è...:(,–≥—Ä—É—Å—Ç—å
"–Ø –∑–Ω–∞—é, –ø–æ—á–µ–º—É –ª—é–¥–∏ —Å—É—â–µ—Å—Ç–≤—É—é—Ç —Ç–æ–ª—å–∫–æ –¥–ª—è —Ç–æ–≥–æ, —á—Ç–æ–±—ã —É—Å—É–≥—É–±–ª—è—Ç—å —Å–∏—Ç—É–∞—Ü–∏—é. –Ø —Ç–∞–∫ —É—Å—Ç–∞–ª –æ—Ç –≤—Å–µ—Ö —ç—Ç–∏—Ö –∞–ª—å—Ç–µ—Ä–Ω–∞—Ç–∏–≤–Ω—ã—Ö/—Å—Ç—Ä–∞–Ω–Ω—ã—Ö –≤–æ–ø—Ä–æ—Å–æ–≤, –∫–æ—Ç–æ—Ä—ã–µ –∑–∞–¥–∞—é—Ç",–≥—Ä—É—Å—Ç—å
"–ü–æ–∂–∞–ª—É–π, —Å–∞–º–æ–µ –∫—Ä—É—Ç–æ–µ, —á—Ç–æ —è –≤–∏–¥–µ–ª –≤ —ç—Ç–æ–π —Ç–µ–º–µ",—Ä–∞–¥–æ—Å—Ç—å
–ú–Ω–µ –Ω—Ä–∞–≤–∏—Ç—Å—è —Å–ª—ã—à–∞—Ç—å –æ–± —ç—Ç–∏—Ö –ø–æ–∑–∏—Ç–∏–≤–Ω—ã—Ö –≤—Å—Ç—Ä–µ—á–∞—Ö.,—Ä–∞–¥–æ—Å—Ç—å
"–¢–∞–∫ —á—Ç–æ –º–æ–∂–Ω–æ –æ—Ç–Ω–æ—Å–∏—Ç—å—Å—è. –ì–æ—Ä—è—á–æ –¥–æ —Ç–∞–∫–æ–π —Å—Ç–µ–ø–µ–Ω–∏, —á—Ç–æ —è –Ω–µ–Ω–∞–≤–∏–¥–µ–ª–∞ —á—É–≤—Å—Ç–≤–æ–≤–∞—Ç—å —Å–µ–±—è —Ö–æ—Ä–æ—à–æ, –ø–æ—Ç–æ–º—É —á—Ç–æ —ç—Ç–æ –¥–ª–∏–ª–æ—Å—å –Ω–µ–¥–æ–ª–≥–æ. –° —Ç–∞–∫–∏–º –∂–µ —É—Å–ø–µ—Ö–æ–º –º–æ–∂–Ω–æ –±—ã–ª–æ –±—ã –Ω–∞—Å–ª–∞–¥–∏—Ç—å—Å—è –º–æ–º–µ–Ω—Ç–æ–º!",—Ä–∞–¥–æ—Å—Ç—å
–†–∞–¥ –ø–æ–º–æ—á—å!,—Ä–∞–¥–æ—Å—Ç—å
"–î–∞, —ç—Ç–æ –±—ã–ª–∞ –≤–µ—Å–µ–ª–∞—è –∏–≥—Ä–∞. :D",—Ä–∞–¥–æ—Å—Ç—å
–õ–æ–ª —Ö–æ—Ä–æ—à–∏–π —Ä–∞–∑–≥–æ–≤–æ—Ä,—Ä–∞–¥–æ—Å—Ç—å
"–Ø –æ—á–µ–Ω—å –¥–æ–≤–æ–ª–µ–Ω —Å–≤–æ–∏–º –ø–µ—Ä—Å–æ–Ω–∞–∂–µ–º. –Ø –Ω–µ —Ç–æ—Ä–æ–ø–∏–ª—Å—è, –≤—ã–±–∏—Ä–∞—è —Ç–æ—Ç, –∫–æ—Ç–æ—Ä—ã–π –º–Ω–µ –ø–æ–Ω—Ä–∞–≤–∏–ª—Å—è.",—Ä–∞–¥–æ—Å—Ç—å
—ç—Ç–æ –≤–æ—Å—Ö–∏—Ç–∏—Ç–µ–ª—å–Ω–æ!! –ü–æ–∑–¥—Ä–∞–≤–ª—è—é!,—Ä–∞–¥–æ—Å—Ç—å
"–Ø –ø—Ä–æ—Å—Ç–æ —Å—á–∞—Å—Ç–ª–∏–≤, —á—Ç–æ —É –º–µ–Ω—è –µ—Å—Ç—å Pen, —á—Ç–æ–±—ã —Å–º–æ—Ç—Ä–µ—Ç—å –∏ —Å–ª—É—à–∞—Ç—å, –∫–æ–≥–¥–∞ ¬´–°—Ç–∏–ª–µ—Ä—Å¬ª –Ω–∞—Ö–æ–¥—è—Ç—Å—è –Ω–∞ –≥—Ä–∞–Ω–∏ –∫—Ä–∞—Ö–∞... –ü–õ–Æ–° –Ω–∏–∫–∞–∫–æ–π –¥—Ä–∞–º—ã –≤ —Ä–∞–∑–¥–µ–≤–∞–ª–∫–µ...",—Ä–∞–¥–æ—Å—Ç—å
–ò –∂–∏–ª–∏ –æ–Ω–∏ –¥–æ–ª–≥–æ –∏ —Å—á–∞—Å—Ç–ª–∏–≤–æ.,—Ä–∞–¥–æ—Å—Ç—å
–í—Å–µ –ª—é–¥–∏ –≤ —ç—Ç–æ–π —Ç–µ–º–µ –æ—Ç–≤—Ä–∞—Ç–∏—Ç–µ–ª—å–Ω—ã–µ.,–æ—Ç–≤—Ä–∞—â–µ–Ω–∏–µ
–≠—Ç–æ –æ—Ç–≤—Ä–∞—Ç–∏—Ç–µ–ª—å–Ω–æ.,–æ—Ç–≤—Ä–∞—â–µ–Ω–∏–µ
–Ø –¥–µ–π—Å—Ç–≤–∏—Ç–µ–ª—å–Ω–æ –ø—Ä–µ–∑–∏—Ä–∞—é —ç—Ç—É –∂–µ–Ω—â–∏–Ω—É.,–æ—Ç–≤—Ä–∞—â–µ–Ω–∏–µ
–¢—ã –æ—Ç–≤—Ä–∞—Ç–∏—Ç–µ–ª–µ–Ω.,–æ—Ç–≤—Ä–∞—â–µ–Ω–∏–µ
"–≠—Ç–∏ —É—Å—ã –≤—ã–≥–ª—è–¥—è—Ç —Ç–∞–∫, –±—É–¥—Ç–æ –ø–∞—Ö–Ω—É—Ç.",–æ—Ç–≤—Ä–∞—â–µ–Ω–∏–µ
"–î–∞, –≤—Å—è —ç—Ç–∞ —Ç–µ–º–∞ –æ—Ç–≤—Ä–∞—Ç–∏—Ç–µ–ª—å–Ω–∞. –ù–∞–∑–≤–∞—Ç—å –º–∞–ª–µ–Ω—å–∫–æ–≥–æ —Ä–µ–±–µ–Ω–∫–∞ –¥—Ä—è–Ω–Ω—ã–º, –∂–µ–Ω–æ–Ω–µ–Ω–∞–≤–∏—Å—Ç–Ω–∏—á–µ—Å–∫–∏–º –∏–ª–∏ —Å–µ–∫—Å—É–∞–ª–∏–∑–∏—Ä–æ–≤–∞–Ω–Ω—ã–º –∑–∞ —Ç–æ, —á—Ç–æ –æ–Ω –ª—é–±–∏—Ç –ø–µ—Ä–µ–æ–¥–µ–≤–∞—Ç—å—Å—è, ‚Äî —ç—Ç–æ –ø—Ä–æ—Å—Ç–æ –∂—É—Ç–∫–æ –∏ —Å—Ç—Ä–∞–Ω–Ω–æ.",–æ—Ç–≤—Ä–∞—â–µ–Ω–∏–µ
–õ—é–¥–∏ –æ—Ç–≤—Ä–∞—Ç–∏—Ç–µ–ª—å–Ω—ã –∏ –±–µ–∑—É–º–Ω—ã.,–æ—Ç–≤—Ä–∞—â–µ–Ω–∏–µ
"–Ø –≤–∏–¥–µ–ª —É–∂–∞—Å–Ω—ã–µ –≤–µ—â–∏ —Å –º–∏–Ω—å–æ–Ω–∞–º–∏, —è –¥—É–º–∞–ª, —á—Ç–æ –≤–∏–¥–µ–ª —Ö—É–¥—à–µ–µ –∏–∑ —Ö—É–¥—à–µ–≥–æ. –Ø –±—ã–ª –Ω–µ–ø—Ä–∞–≤... –Ø –±—ã–ª —É–∂–∞—Å–Ω–æ –Ω–µ–ø—Ä–∞–≤.",–æ—Ç–≤—Ä–∞—â–µ–Ω–∏–µ
"–Ø –±—ã –µ–π –Ω–∏—á–µ–≥–æ –Ω–µ —Å–∫–∞–∑–∞–ª, —ç—Ç–æ—Ç —á–µ—Ä—Ç–æ–≤ —á—É–¥–∞–∫ –ø—Ä–æ—Å—Ç–æ –Ω–∏–∫–æ–≥–¥–∞ –±—ã –Ω–µ —É–≤–∏–¥–µ–ª –º–æ–µ–≥–æ —Ä–µ–±–µ–Ω–∫–∞. –ö–æ–Ω–µ—Ü. –û—Ç–≤—Ä–∞—Ç–∏—Ç–µ–ª—å–Ω—ã–π.",–æ—Ç–≤—Ä–∞—â–µ–Ω–∏–µ
"–ê—Ö, –±–µ–∫–æ–Ω –Ω–∞ —Å–∞–º–æ–º –¥–µ–ª–µ —Ö—É–¥—à–∏–π. –ó–∞–ø–∞—Ö —É –Ω–µ–≥–æ –Ω–∞—Å—Ç–æ–ª—å–∫–æ –æ—Ç–≤—Ä–∞—Ç–∏—Ç–µ–ª—å–Ω—ã–π, —á—Ç–æ –≤—ã –º–æ–∂–µ—Ç–µ –ø–æ—á—É–≤—Å—Ç–≤–æ–≤–∞—Ç—å –∑–∞–ø–∞—Ö –≥—Ä—è–∑–∏",–æ—Ç–≤—Ä–∞—â–µ–Ω–∏–µ
"–Ø –ø–æ–¥—É–º–∞–ª, —á—Ç–æ —ç—Ç–æ –æ—á–µ–Ω—å —Ö–æ—Ä–æ—à–æ. –≠—Ç–æ—Ç –ø–∞—Ä–µ–Ω—å –±—ã–ª –±–æ–ª—å–Ω—ã–º —É–±–ª—é–¥–∫–æ–º, —ç—Ç–æ —Ç–æ—á–Ω–æ.",–∑–ª–æ—Å—Ç—å
"–Ø –±—ã –∫—É–ø–∏–ª —ç—Ç–∏ —Ç—É—Ñ–ª–∏ –∏ —Ö–æ–¥–∏–ª –ø–æ —Å–∞–º—ã–º –≥—Ä—è–∑–Ω—ã–º –º–µ—Å—Ç–∞–º, –ø—Ä–æ—Å—Ç–æ —á—Ç–æ–±—ã —Ä–∞–∑–æ–∑–ª–∏—Ç—å [–ò–ú–Ø].",–∑–ª–æ—Å—Ç—å
–ü–æ—Å–º–æ—Ç—Ä–∏ –Ω–∞ —ç—Ç—É –¥–µ—Ä—å–º–æ–≤—É—é —É—Ö–º—ã–ª–∫—É,–∑–ª–æ—Å—Ç—å
–ü—Ä–æ—Å—Ç–æ –∑–∞—Ç–∫–Ω–∏—Å—å —á—É–≤–∞–∫,–∑–ª–æ—Å—Ç—å
"–Ø –±—ã –æ—Ç–ø—Ä–∞–≤–∏–ª –µ–µ –Ω–∞ –¥—Ä—É–≥—É—é –ø–ª–∞–Ω–µ—Ç—É, –µ—Å–ª–∏ –±—ã –æ–Ω–∞ —Å–∫–∞–∑–∞–ª–∞ —Ç–∞–∫–æ–µ –æ –º–æ–µ–π —Å–æ–±–∞–∫–µ. –ß—Ç–æ –Ω–µ —Ç–∞–∫ —Å –ª—é–¥—å–º–∏. üò†",–∑–ª–æ—Å—Ç—å
—è —Å–∞–º —ç—Ç–æ –Ω–µ–Ω–∞–≤–∏–∂—É,–∑–ª–æ—Å—Ç—å
"–ó–∞—Ç–∫–Ω–∏—Å—å, –±–æ—Ç–∞–Ω–∏–∫",–∑–ª–æ—Å—Ç—å
"–ê–º–∏–Ω—å, –∑–∞–±–ª–æ–∫–∏—Ä—É–π—Ç–µ –≤—Å—é –∏–º–º–∏–≥—Ä–∞—Ü–∏—é.",–∑–ª–æ—Å—Ç—å
"–î–ª—è –≤–∞—Å –æ–±–æ–∏—Ö –≤–º–µ—Å—Ç–µ? –ß–µ—Ä—Ç–æ–≤–∞ –∫–æ–º–ø–∞–Ω–∏—è, –∫–æ—Ç–æ—Ä–æ–π —Ç—ã –ø–æ–ª—å–∑—É–µ—à—å—Å—è.",–∑–ª–æ—Å—Ç—å
–î–∞. –û–Ω –±—ã–ª. –ò–¥–∏—Ç–µ –Ω–∞—Ö–µ—Ä —Å–æ —Å–≤–æ–∏–º–∏ –¥–≤–æ–π–Ω—ã–º–∏ —Å—Ç–∞–Ω–¥–∞—Ä—Ç–∞–º–∏.,–∑–ª–æ—Å—Ç—å
"–î–∞. –ù–∞ –æ–¥–Ω–æ–º –∏–∑ –µ–µ –ø–∞–ª—å—Ü–µ–≤ –ø–æ—è–≤–∏–ª–∞—Å—å —Ä–∞–Ω–∞, –∏ –µ—Å—Ç—å –æ–ø–∞—Å–µ–Ω–∏—è, —á—Ç–æ —ç—Ç–æ –º–æ–∂–µ—Ç –ø—Ä–∏–≤–µ—Å—Ç–∏ –∫ —Ç–æ–º—É, —á—Ç–æ –µ–π –ø–æ—Ç—Ä–µ–±—É—é—Ç—Å—è –±—Ä–µ–∫–µ—Ç—ã.",—Å—Ç—Ä–∞—Ö
–ë–û–ô–¢–ï–°–¨ –ß–ï–†–ï–ü–ê–•–ò,—Å—Ç—Ä–∞—Ö
"–ò–∑-–∑–∞ —ç—Ç–æ–≥–æ –º–Ω–µ —Ö–æ—á–µ—Ç—Å—è —Å–¥–µ–ª–∞—Ç—å –ø–∏—Ä—Å–∏–Ω–≥ —Å–æ—Å–∫–æ–≤, –Ω–æ —è —Å–ª–∏—à–∫–æ–º –±–æ—é—Å—å :/",—Å—Ç—Ä–∞—Ö
"–Ø –Ω–µ —Å—Ç–æ—Ä–æ–Ω–Ω–∏–∫ –ë—Ä–µ–∫—Å–∏—Ç–∞. –§–∞–∫—Ç–∏—á–µ—Å–∫–∏, —ç—Ç–æ –º–µ–Ω—è –±–µ—Å–ø–æ–∫–æ–∏—Ç –≤ —Å–≤—è–∑–∏ —Å–æ –≤—Ç–æ—Ä—ã–º —Ä–µ—Ñ–µ—Ä–µ–Ω–¥—É–º–æ–º. –Ø –≤–æ–ª–Ω—É—é—Å—å, —á—Ç–æ –æ—Å—Ç–∞–≤—à–∏–µ—Å—è –ø—Ä–æ–∏–≥—Ä–∞—é—Ç.",—Å—Ç—Ä–∞—Ö
"–ß—Ç–æ –º–æ–∂–µ—Ç –±—ã—Ç—å —Å—Ç—Ä–∞—à–Ω–µ–µ –∂–µ–ª—Ç–æ–≥–æ —á–µ–ª–æ–≤–µ—á–∫–∞? –ñ–µ–ª—Ç—ã–π —á–µ–ª–æ–≤–µ–∫, –∏—Å–ø–æ–ª—å–∑—É—é—â–∏–π –∂–µ–ª—Ç—ã–π —Ü–≤–µ—Ç",—Å—Ç—Ä–∞—Ö
"–°—Ç—Ä–∞—à–Ω–æ –æ—Å–æ–∑–Ω–∞–≤–∞—Ç—å, —á—Ç–æ —Ç—ã –ø—Ä–æ—à–µ–ª —á–µ—Ä–µ–∑ —ç—Ç–æ. –¢–∞–∫–∏–µ –ª—é–¥–∏ –≤ –æ–¥–Ω–æ–º —à–∞–≥–µ –æ—Ç —Ç–æ–≥–æ, —á—Ç–æ–±—ã –ø—Ä–∏–π—Ç–∏ –¥–æ–º–æ–π —Å –ø–∏—Å—Ç–æ–ª–µ—Ç–æ–º –∏–ª–∏ –Ω–æ–∂–æ–º.",—Å—Ç—Ä–∞—Ö
–û—á–µ–Ω—å —Å—Ç—Ä–∞—à–Ω–æ.,—Å—Ç—Ä–∞—Ö
–ù—É —ç—Ç–æ —É–∂–∞—Å.,—Å—Ç—Ä–∞—Ö
"–î–∞ —Å–µ—Ä—å–µ–∑–Ω–æ! –Ø —É–≤–∏–¥–µ–ª –∫–æ–Ω—Ç—Ä–æ–ª–ª–µ—Ä –∏ –ø–æ–¥—É–º–∞–ª: ¬´–ù–µ –¥–µ–ª–∞–π —ç—Ç–æ–≥–æ, –Ω–µ –¥–µ–ª–∞–π —ç—Ç–æ–≥–æ!¬ª",—Å—Ç—Ä–∞—Ö
"–Ø –Ω–µ –±—É–¥—É —á—É–≤—Å—Ç–≤–æ–≤–∞—Ç—å —Å–µ–±—è –Ω–µ–ª–æ–≤–∫–æ, –µ—Å–ª–∏ –±—É–¥—É —Å–∞–º–∏–º —Å–æ–±–æ–π, –Ω–æ –º–Ω–µ –ø—Ä–æ—Å—Ç–æ —Å—Ç—Ä–∞—à–Ω–æ",—Å—Ç—Ä–∞—Ö
"–ò—Ä–æ–Ω–∏—á–Ω–æ. –û–Ω –º–æ–≥ —Å–ø–∞—Å—Ç–∏ –¥—Ä—É–≥–∏—Ö –æ—Ç —Å–µ–∫—Ä–µ—Ç–Ω–æ–π –∫–æ—Ä—Ä—É–ø—Ü–∏–∏, –Ω–æ –Ω–µ —Å–µ–±—è.",—É–¥–∏–≤–ª–µ–Ω–∏–µ
–æ—Ö—Ö—Ö....,—É–¥–∏–≤–ª–µ–Ω–∏–µ
–ë–æ–∂–µ –º–æ–π.... –û–Ω–∏ –∏—Å–ø–æ–ª—å–∑–æ–≤–∞–ª–∏ –≥–æ–ª–æ—Å [–ò–ú–Ø]!,—É–¥–∏–≤–ª–µ–Ω–∏–µ
"–ö–æ–Ω–µ—á–Ω–æ, –º–Ω–µ —Å—Ç—Ä–∞–Ω–Ω—ã–π –∏–∑–≥–∏–±, –Ω–æ –æ–∫",—É–¥–∏–≤–ª–µ–Ω–∏–µ
–£—Ö —Ç—ã. –£ —Ç–µ–±—è –Ω–µ—Ç —Å–∞–º–æ–æ–±–ª–∞–¥–∞–Ω–∏—è?,—É–¥–∏–≤–ª–µ–Ω–∏–µ
"–ß—Ç–æ–æ–æ–æ, –Ω–µ–ª—å–∑—è –∏–≥—Ä–∞—Ç—å —Å –¥—Ä—É–≥–∏–º–∏ –ª—é–¥—å–º–∏?",—É–¥–∏–≤–ª–µ–Ω–∏–µ
"–ü—Ä–∏–≤–µ—Ç, —Ä–µ–±—è—Ç–∞. –¢–æ–ª—å–∫–æ —á—Ç–æ –ø—Ä–∏–≥–æ—Ç–æ–≤–∏–ª —É–∂–∏–Ω. –ü—Ä–∏—à—ë–ª –ø–æ—Å–º–æ—Ç—Ä–µ—Ç—å –∏–≥—Ä—É –∏ –ø—Ä–æ–≤–µ—Ä–∏—Ç—å, –æ –±–æ–∂–µ –º–æ–π.",—É–¥–∏–≤–ª–µ–Ω–∏–µ
"–≠—Ç–æ —Ö–æ–¥, –∫–æ—Ç–æ—Ä–æ–≥–æ —è —Ä–∞–Ω—å—à–µ –Ω–µ –≤–∏–¥–µ–ª",—É–¥–∏–≤–ª–µ–Ω–∏–µ
"–Ø –±—ã–ª –±—ã —à–æ–∫–∏—Ä–æ–≤–∞–Ω, –µ—Å–ª–∏ –±—ã –æ–Ω –∑–Ω–∞–ª —Ö–æ—Ç—å —á—Ç–æ-–Ω–∏–±—É–¥—å –æ –ï–°.",—É–¥–∏–≤–ª–µ–Ω–∏–µ
"–ß—Ç–æ–æ–æ–æ! –ò—Ö –≤–æ–æ–±—â–µ-—Ç–æ —ç—Ç–æ–º—É –Ω–µ —É—á–∞—Ç, –ª–æ–ª",—É–¥–∏–≤–ª–µ–Ω–∏–µ
